Jahr,Land,Schule,Klassenstufe,Klasse,Name,Team,Achtung Stromschnellen!,Armband auffädeln,Ballon-Maschine,Baumtouren,Baustein-Maschine,Bebrasien,Bergseen,Biber Jones,Biber-Mail-Adressen,Biberholz,Biberone,Bilder verschlüsseln,Blumentöpfe,Brennende Kerzen,Bälle,Der Drachen ist weg!,Der Nächste bitte!,Ein Tag im Nebel,Entdecke Seoul!,Erkundung,Frowny,Gleiche Buchstaben,Happy Birthday,Helligkeitskarte,Hin und Her,Kurierdienst,Mehltransport,Parkplätze,Pip der Pirat,Prüfbiber,Prüfungsplan,Schatzkarte,"Schere, Stein, Papier",Schwarz - Weiss,Sonnige Tage,Stammbaum,Superbebras,Um die Felsen,Umstapeln,Wortketten,Zettel-Wirtschaft,ÖV
2024,,,Schuljahre 9 und 10,ARJ,afhqp,,0.0,9.0,0.0,6.0,12.0,,,,,,,-4.0,,,0.0,,6.0,,,0.0,0.0,9.0,6.0,,,,,,9.0,,,12.0,,,12.0,,6.0,,0.0,9.0,6.0,
2024,,,Schuljahre 9 und 10,ARJ,awply,,0.0,9.0,-3.0,-2.0,-4.0,,,,,,,12.0,,,-4.0,,6.0,,,0.0,0.0,-3.0,6.0,,,,,,-3.0,,,12.0,,,-4.0,,-2.0,,0.0,-3.0,6.0,
2024,,,Schuljahre 9 und 10,ARJ,bczka,,0.0,0.0,9.0,6.0,0.0,,,,,,,0.0,,,0.0,,6.0,,,0.0,0.0,-3.0,6.0,,,,,,0.0,,,12.0,,,0.0,,0.0,,0.0,-3.0,6.0,
2024,,,Schuljahre 9 und 10,ARJ,blxsv,,0.0,9.0,-3.0,-2.0,-4.0,,,,,,,-4.0,,,-4.0,,6.0,,,0.0,0.0,-3.0,-2.0,,,,,,9.0,,,-4.0,,,-4.0,,-2.0,,0.0,-3.0,6.0,
2024,,,Schuljahre 9 und 10,ARJ,bnvec,,0.0,0.0,0.0,0.0,0.0,,,,,,,0.0,,,0.0,,6.0,,,0.0,0.0,-3.0,-2.0,,,,,,9.0,,,0.0,,,12.0,,0.0,,0.0,9.0,-2.0,
2024,,,Schuljahre 9 und 10,ARJ,cnlvu,,0.0,9.0,0.0,-2.0,-4.0,,,,,,,12.0,,,0.0,,-2.0,,,0.0,0.0,-3.0,6.0,,,,,,-3.0,,,0.0,,,-4.0,,6.0,,0.0,9.0,-2.0,
2024,,,Schuljahre 9 und 10,ARJ,gnwmq,,0.0,-3.0,0.0,6.0,-4.0,,,,,,,0.0,,,12.0,,6.0,,,0.0,0.0,9.0,6.0,,,,,,9.0,,,0.0,,,12.0,,6.0,,0.0,-3.0,6.0,
2024,,,Schuljahre 9 und 10,ARJ,htfnm,,0.0,9.0,-3.0,-2.0,12.0,,,,,,,-4.0,,,-4.0,,6.0,,,0.0,0.0,-3.0,6.0,,,,,,9.0,,,-4.0,,,12.0,,6.0,,0.0,-3.0,6.0,
2024,,,Schuljahre 9 und 10,ARJ,itrzk,,0.0,9.0,9.0,-2.0,0.0,,,,,,,0.0,,,12.0,,6.0,,,0.0,0.0,-3.0,-2.0,,,,,,-3.0,,,12.0,,,12.0,,6.0,,0.0,0.0,6.0,
2024,,,Schuljahre 9 und 10,ARJ,jcnar,,0.0,9.0,-3.0,6.0,12.0,,,,,,,-4.0,,,12.0,,6.0,,,0.0,0.0,9.0,6.0,,,,,,9.0,,,12.0,,,12.0,,6.0,,0.0,9.0,6.0,
2024,,,Schuljahre 9 und 10,ARJ,kldhy,,0.0,9.0,0.0,6.0,12.0,,,,,,,12.0,,,12.0,,6.0,,,0.0,0.0,-3.0,6.0,,,,,,9.0,,,12.0,,,-4.0,,6.0,,0.0,-3.0,6.0,
2024,,,Schuljahre 9 und 10,ARJ,kwngc,,0.0,9.0,0.0,-2.0,0.0,,,,,,,-4.0,,,-4.0,,-2.0,,,0.0,0.0,-3.0,-2.0,,,,,,-3.0,,,12.0,,,-4.0,,6.0,,0.0,-3.0,6.0,
2024,,,Schuljahre 9 und 10,ARJ,lbdke,,0.0,9.0,-3.0,-2.0,12.0,,,,,,,-4.0,,,12.0,,6.0,,,0.0,0.0,9.0,6.0,,,,,,9.0,,,-4.0,,,12.0,,-2.0,,0.0,9.0,6.0,
2024,,,Schuljahre 9 und 10,ARJ,lquyb,,0.0,9.0,-3.0,6.0,-4.0,,,,,,,-4.0,,,12.0,,-2.0,,,0.0,0.0,9.0,-2.0,,,,,,9.0,,,-4.0,,,12.0,,-2.0,,0.0,-3.0,6.0,
2024,,,Schuljahre 9 und 10,ARJ,lumfg,,0.0,9.0,0.0,6.0,-4.0,,,,,,,-4.0,,,12.0,,6.0,,,0.0,0.0,9.0,6.0,,,,,,9.0,,,12.0,,,12.0,,0.0,,0.0,-3.0,6.0,
2024,,,Schuljahre 9 und 10,ARJ,nefto,,0.0,9.0,9.0,-2.0,12.0,,,,,,,0.0,,,12.0,,6.0,,,0.0,0.0,-3.0,6.0,,,,,,9.0,,,12.0,,,-4.0,,0.0,,0.0,-3.0,6.0,
2024,,,Schuljahre 9 und 10,ARJ,qvbfl,,0.0,9.0,0.0,6.0,12.0,,,,,,,-4.0,,,12.0,,6.0,,,0.0,0.0,-3.0,-2.0,,,,,,9.0,,,0.0,,,-4.0,,-2.0,,0.0,-3.0,6.0,
2024,,,Schuljahre 9 und 10,ARJ,qvjep,,0.0,-3.0,-3.0,-2.0,12.0,,,,,,,-4.0,,,-4.0,,-2.0,,,0.0,0.0,-3.0,-2.0,,,,,,9.0,,,-4.0,,,12.0,,6.0,,0.0,-3.0,-2.0,
2024,,,Schuljahre 9 und 10,ARJ,qyxro,,0.0,9.0,9.0,6.0,12.0,,,,,,,0.0,,,0.0,,6.0,,,0.0,0.0,9.0,6.0,,,,,,-3.0,,,12.0,,,0.0,,6.0,,0.0,0.0,6.0,
2024,,,Schuljahre 9 und 10,ARJ,tverz,,0.0,9.0,-3.0,-2.0,0.0,,,,,,,0.0,,,0.0,,-2.0,,,0.0,0.0,9.0,-2.0,,,,,,-3.0,,,0.0,,,0.0,,6.0,,0.0,9.0,6.0,
2024,,,Schuljahre 9 und 10,ARJ,ugzdp,,0.0,9.0,-3.0,6.0,12.0,,,,,,,-4.0,,,12.0,,6.0,,,0.0,0.0,9.0,6.0,,,,,,9.0,,,12.0,,,12.0,,6.0,,0.0,9.0,6.0,
2024,,,Schuljahre 9 und 10,ARJ,ulkhx,,0.0,9.0,-3.0,-2.0,-4.0,,,,,,,-4.0,,,-4.0,,-2.0,,,0.0,0.0,-3.0,-2.0,,,,,,9.0,,,12.0,,,-4.0,,-2.0,,0.0,-3.0,-2.0,
2024,,,Schuljahre 9 und 10,ARJ,upafk,,0.0,-3.0,-3.0,6.0,-4.0,,,,,,,-4.0,,,-4.0,,-2.0,,,0.0,0.0,-3.0,-2.0,,,,,,9.0,,,-4.0,,,12.0,,6.0,,0.0,-3.0,-2.0,
2024,,,Schuljahre 9 und 10,ARJ,vawou,,0.0,9.0,9.0,6.0,0.0,,,,,,,-4.0,,,12.0,,6.0,,,0.0,0.0,-3.0,6.0,,,,,,9.0,,,12.0,,,12.0,,6.0,,0.0,0.0,6.0,
2024,,,Schuljahre 9 und 10,ARJ,zqrtx,,0.0,0.0,0.0,0.0,-4.0,,,,,,,12.0,,,-4.0,,-2.0,,,0.0,0.0,-3.0,-2.0,,,,,,-3.0,,,-4.0,,,-4.0,,-2.0,,0.0,-3.0,-2.0,
2024,,,Schuljahre 9 und 10,CTP,axpsi,,0.0,9.0,-3.0,-2.0,0.0,,,,,,,0.0,,,-4.0,,6.0,,,0.0,0.0,-3.0,-2.0,,,,,,-3.0,,,0.0,,,-4.0,,0.0,,0.0,-3.0,6.0,
2024,,,Schuljahre 9 und 10,CTP,dgbml,,0.0,-3.0,0.0,6.0,-4.0,,,,,,,0.0,,,0.0,,-2.0,,,0.0,0.0,-3.0,-2.0,,,,,,0.0,,,0.0,,,-4.0,,0.0,,0.0,0.0,6.0,
2024,,,Schuljahre 9 und 10,CTP,elaqw,,0.0,9.0,0.0,6.0,12.0,,,,,,,-4.0,,,-4.0,,-2.0,,,0.0,0.0,-3.0,-2.0,,,,,,0.0,,,-4.0,,,-4.0,,0.0,,0.0,9.0,6.0,
2024,,,Schuljahre 9 und 10,CTP,fvzbx,,0.0,9.0,9.0,-2.0,-4.0,,,,,,,12.0,,,-4.0,,-2.0,,,0.0,0.0,-3.0,6.0,,,,,,9.0,,,12.0,,,12.0,,6.0,,0.0,-3.0,6.0,
2024,,,Schuljahre 9 und 10,CTP,guqem,,0.0,9.0,-3.0,-2.0,12.0,,,,,,,12.0,,,12.0,,6.0,,,0.0,0.0,9.0,-2.0,,,,,,-3.0,,,-4.0,,,12.0,,6.0,,0.0,-3.0,6.0,
2024,,,Schuljahre 9 und 10,CTP,haqgj,,0.0,9.0,0.0,6.0,-4.0,,,,,,,-4.0,,,-4.0,,-2.0,,,0.0,0.0,9.0,-2.0,,,,,,9.0,,,12.0,,,12.0,,-2.0,,0.0,-3.0,6.0,
2024,,,Schuljahre 9 und 10,CTP,hmkyf,,0.0,9.0,0.0,-2.0,0.0,,,,,,,0.0,,,0.0,,6.0,,,0.0,0.0,-3.0,-2.0,,,,,,-3.0,,,-4.0,,,0.0,,6.0,,0.0,-3.0,6.0,
2024,,,Schuljahre 9 und 10,CTP,ilbwq,,0.0,-3.0,9.0,6.0,12.0,,,,,,,12.0,,,-4.0,,-2.0,,,0.0,0.0,-3.0,6.0,,,,,,-3.0,,,12.0,,,12.0,,6.0,,0.0,9.0,6.0,
2024,,,Schuljahre 9 und 10,CTP,mkoxc,,0.0,9.0,-3.0,-2.0,-4.0,,,,,,,-4.0,,,12.0,,6.0,,,0.0,0.0,-3.0,-2.0,,,,,,9.0,,,-4.0,,,12.0,,6.0,,0.0,-3.0,6.0,
2024,,,Schuljahre 9 und 10,CTP,mlyor,,0.0,9.0,9.0,6.0,12.0,,,,,,,12.0,,,12.0,,6.0,,,0.0,0.0,9.0,6.0,,,,,,9.0,,,12.0,,,12.0,,6.0,,0.0,9.0,-2.0,
2024,,,Schuljahre 9 und 10,CTP,mrlxy,,0.0,9.0,-3.0,-2.0,-4.0,,,,,,,-4.0,,,-4.0,,6.0,,,0.0,0.0,9.0,-2.0,,,,,,9.0,,,0.0,,,-4.0,,-2.0,,0.0,-3.0,6.0,
2024,,,Schuljahre 9 und 10,CTP,pfjoq,,0.0,9.0,-3.0,-2.0,12.0,,,,,,,-4.0,,,-4.0,,-2.0,,,0.0,0.0,-3.0,-2.0,,,,,,-3.0,,,-4.0,,,-4.0,,6.0,,0.0,-3.0,6.0,
2024,,,Schuljahre 9 und 10,CTP,pngyi,,0.0,9.0,-3.0,6.0,12.0,,,,,,,0.0,,,0.0,,-2.0,,,0.0,0.0,9.0,-2.0,,,,,,9.0,,,-4.0,,,-4.0,,6.0,,0.0,-3.0,6.0,
2024,,,Schuljahre 9 und 10,CTP,qhref,,0.0,9.0,-3.0,-2.0,12.0,,,,,,,-4.0,,,-4.0,,6.0,,,0.0,0.0,-3.0,-2.0,,,,,,-3.0,,,12.0,,,-4.0,,-2.0,,0.0,9.0,6.0,
2024,,,Schuljahre 9 und 10,CTP,rauml,,0.0,9.0,0.0,-2.0,-4.0,,,,,,,-4.0,,,0.0,,-2.0,,,0.0,0.0,-3.0,-2.0,,,,,,-3.0,,,-4.0,,,12.0,,6.0,,0.0,0.0,-2.0,
2024,,,Schuljahre 9 und 10,CTP,rozkm,,0.0,9.0,-3.0,-2.0,12.0,,,,,,,-4.0,,,0.0,,6.0,,,0.0,0.0,9.0,6.0,,,,,,-3.0,,,-4.0,,,-4.0,,6.0,,0.0,0.0,6.0,
2024,,,Schuljahre 9 und 10,CTP,tgrdm,,0.0,0.0,0.0,-2.0,-4.0,,,,,,,0.0,,,-4.0,,6.0,,,0.0,0.0,-3.0,-2.0,,,,,,9.0,,,-4.0,,,-4.0,,6.0,,0.0,9.0,6.0,
2024,,,Schuljahre 9 und 10,CTP,tjavh,,0.0,9.0,9.0,6.0,12.0,,,,,,,12.0,,,0.0,,-2.0,,,0.0,0.0,0.0,6.0,,,,,,0.0,,,-4.0,,,-4.0,,-2.0,,0.0,-3.0,6.0,
2024,,,Schuljahre 9 und 10,CTP,urigw,,0.0,9.0,-3.0,-2.0,12.0,,,,,,,-4.0,,,-4.0,,6.0,,,0.0,0.0,-3.0,6.0,,,,,,-3.0,,,-4.0,,,12.0,,6.0,,0.0,-3.0,-2.0,
2024,,,Schuljahre 9 und 10,CTP,uypbd,,0.0,9.0,-3.0,-2.0,12.0,,,,,,,-4.0,,,-4.0,,6.0,,,0.0,0.0,-3.0,-2.0,,,,,,-3.0,,,-4.0,,,-4.0,,6.0,,0.0,-3.0,-2.0,
2024,,,Schuljahre 9 und 10,CTP,vqiyn,,0.0,9.0,-3.0,6.0,-4.0,,,,,,,12.0,,,12.0,,-2.0,,,0.0,0.0,-3.0,-2.0,,,,,,-3.0,,,-4.0,,,12.0,,-2.0,,0.0,-3.0,-2.0,
2024,,,Schuljahre 9 und 10,CTP,wfjki,,0.0,9.0,0.0,-2.0,-4.0,,,,,,,0.0,,,-4.0,,6.0,,,0.0,0.0,-3.0,-2.0,,,,,,0.0,,,0.0,,,-4.0,,6.0,,0.0,9.0,6.0,
2024,,,Schuljahre 9 und 10,CTP,wygzq,,0.0,9.0,9.0,6.0,12.0,,,,,,,-4.0,,,12.0,,6.0,,,0.0,0.0,9.0,6.0,,,,,,9.0,,,12.0,,,12.0,,6.0,,0.0,-3.0,6.0,
2024,,,Schuljahre 9 und 10,CTP,ylepd,,0.0,-3.0,9.0,6.0,12.0,,,,,,,12.0,,,12.0,,6.0,,,0.0,0.0,-3.0,-2.0,,,,,,9.0,,,12.0,,,12.0,,6.0,,0.0,-3.0,6.0,
2024,,,Schuljahre 9 und 10,CTP,yxuvm,,0.0,9.0,-3.0,-2.0,-4.0,,,,,,,-4.0,,,12.0,,6.0,,,0.0,0.0,-3.0,-2.0,,,,,,9.0,,,12.0,,,12.0,,6.0,,0.0,-3.0,6.0,
2024,,,Schuljahre 9 und 10,KVZ,awskt,,0.0,9.0,9.0,6.0,-4.0,,,,,,,12.0,,,12.0,,6.0,,,0.0,0.0,-3.0,6.0,,,,,,9.0,,,-4.0,,,12.0,,6.0,,0.0,9.0,6.0,
2024,,,Schuljahre 9 und 10,KVZ,bfuzo,,0.0,9.0,-3.0,6.0,-4.0,,,,,,,-4.0,,,-4.0,,6.0,,,0.0,0.0,-3.0,-2.0,,,,,,-3.0,,,-4.0,,,12.0,,6.0,,0.0,-3.0,-2.0,
2024,,,Schuljahre 9 und 10,KVZ,bodta,,0.0,9.0,9.0,6.0,-4.0,,,,,,,-4.0,,,-4.0,,6.0,,,0.0,0.0,-3.0,-2.0,,,,,,-3.0,,,-4.0,,,12.0,,-2.0,,0.0,-3.0,6.0,
2024,,,Schuljahre 9 und 10,KVZ,cihrx,,0.0,9.0,9.0,-2.0,-4.0,,,,,,,-4.0,,,-4.0,,6.0,,,0.0,0.0,-3.0,-2.0,,,,,,-3.0,,,-4.0,,,12.0,,6.0,,0.0,-3.0,6.0,
2024,,,Schuljahre 9 und 10,KVZ,dbuqp,,0.0,9.0,-3.0,-2.0,12.0,,,,,,,-4.0,,,-4.0,,6.0,,,0.0,0.0,-3.0,6.0,,,,,,-3.0,,,-4.0,,,-4.0,,6.0,,0.0,-3.0,-2.0,
2024,,,Schuljahre 9 und 10,KVZ,jhrai,,0.0,9.0,0.0,6.0,12.0,,,,,,,12.0,,,12.0,,6.0,,,0.0,0.0,-3.0,-2.0,,,,,,-3.0,,,-4.0,,,-4.0,,-2.0,,0.0,-3.0,6.0,
2024,,,Schuljahre 9 und 10,KVZ,jxmwd,,0.0,9.0,-3.0,6.0,12.0,,,,,,,12.0,,,12.0,,6.0,,,0.0,0.0,-3.0,-2.0,,,,,,9.0,,,-4.0,,,12.0,,6.0,,0.0,-3.0,6.0,
2024,,,Schuljahre 9 und 10,KVZ,lytmg,,0.0,9.0,-3.0,-2.0,12.0,,,,,,,12.0,,,-4.0,,6.0,,,0.0,0.0,9.0,6.0,,,,,,-3.0,,,-4.0,,,-4.0,,6.0,,0.0,-3.0,6.0,
2024,,,Schuljahre 9 und 10,KVZ,nchfi,,0.0,9.0,9.0,6.0,-4.0,,,,,,,12.0,,,12.0,,6.0,,,0.0,0.0,-3.0,6.0,,,,,,-3.0,,,-4.0,,,12.0,,6.0,,0.0,9.0,6.0,
2024,,,Schuljahre 9 und 10,KVZ,nchkl,,0.0,9.0,9.0,6.0,12.0,,,,,,,-4.0,,,12.0,,6.0,,,0.0,0.0,-3.0,-2.0,,,,,,9.0,,,12.0,,,12.0,,6.0,,0.0,9.0,6.0,
2024,,,Schuljahre 9 und 10,KVZ,oiehd,,0.0,9.0,9.0,6.0,-4.0,,,,,,,-4.0,,,12.0,,-2.0,,,0.0,0.0,-3.0,6.0,,,,,,9.0,,,12.0,,,12.0,,6.0,,0.0,-3.0,6.0,
2024,,,Schuljahre 9 und 10,KVZ,ozncx,,0.0,9.0,-3.0,-2.0,-4.0,,,,,,,-4.0,,,-4.0,,6.0,,,0.0,0.0,-3.0,6.0,,,,,,9.0,,,12.0,,,12.0,,6.0,,0.0,-3.0,6.0,
2024,,,Schuljahre 9 und 10,KVZ,qsigo,,0.0,9.0,9.0,-2.0,12.0,,,,,,,0.0,,,12.0,,6.0,,,0.0,0.0,9.0,-2.0,,,,,,-3.0,,,12.0,,,12.0,,6.0,,0.0,-3.0,6.0,
2024,,,Schuljahre 9 und 10,KVZ,ropnf,,0.0,9.0,9.0,6.0,12.0,,,,,,,12.0,,,12.0,,6.0,,,0.0,0.0,9.0,6.0,,,,,,9.0,,,-4.0,,,12.0,,6.0,,0.0,-3.0,6.0,
2024,,,Schuljahre 9 und 10,KVZ,sdpav,,0.0,9.0,-3.0,-2.0,-4.0,,,,,,,-4.0,,,-4.0,,6.0,,,0.0,0.0,-3.0,-2.0,,,,,,-3.0,,,-4.0,,,12.0,,0.0,,0.0,-3.0,6.0,
2024,,,Schuljahre 9 und 10,KVZ,tfnro,,0.0,9.0,9.0,-2.0,12.0,,,,,,,-4.0,,,12.0,,-2.0,,,0.0,0.0,-3.0,6.0,,,,,,-3.0,,,-4.0,,,-4.0,,-2.0,,0.0,-3.0,6.0,
2024,,,Schuljahre 9 und 10,KVZ,uwpiz,,0.0,9.0,9.0,-2.0,12.0,,,,,,,-4.0,,,12.0,,-2.0,,,0.0,0.0,-3.0,-2.0,,,,,,9.0,,,-4.0,,,12.0,,-2.0,,0.0,-3.0,6.0,
2024,,,Schuljahre 9 und 10,KVZ,xgbir,,0.0,9.0,0.0,6.0,-4.0,,,,,,,0.0,,,0.0,,6.0,,,0.0,0.0,-3.0,0.0,,,,,,9.0,,,-4.0,,,12.0,,-2.0,,0.0,-3.0,-2.0,
2024,,,Schuljahre 9 und 10,KVZ,xicep,,0.0,-3.0,-3.0,-2.0,-4.0,,,,,,,-4.0,,,-4.0,,-2.0,,,0.0,0.0,-3.0,6.0,,,,,,9.0,,,-4.0,,,12.0,,6.0,,0.0,-3.0,6.0,
2024,,,Schuljahre 9 und 10,KVZ,xvrfq,,0.0,9.0,9.0,-2.0,-4.0,,,,,,,-4.0,,,12.0,,-2.0,,,0.0,0.0,9.0,-2.0,,,,,,-3.0,,,12.0,,,12.0,,-2.0,,0.0,-3.0,6.0,
2024,,,Schuljahre 9 und 10,KVZ,zvnpa,,0.0,9.0,-3.0,-2.0,12.0,,,,,,,0.0,,,0.0,,6.0,,,0.0,0.0,9.0,6.0,,,,,,-3.0,,,12.0,,,12.0,,6.0,,0.0,9.0,6.0,
2024,,,Schuljahre 9 und 10,PTI,awcru,,0.0,-3.0,0.0,-2.0,0.0,,,,,,,0.0,,,0.0,,-2.0,,,0.0,0.0,-3.0,0.0,,,,,,0.0,,,0.0,,,12.0,,0.0,,0.0,-3.0,6.0,
2024,,,Schuljahre 9 und 10,PTI,dlyjp,,0.0,9.0,9.0,6.0,12.0,,,,,,,-4.0,,,12.0,,-2.0,,,0.0,0.0,-3.0,-2.0,,,,,,9.0,,,12.0,,,12.0,,6.0,,0.0,-3.0,6.0,
2024,,,Schuljahre 9 und 10,PTI,ehzmp,,0.0,9.0,-3.0,6.0,-4.0,,,,,,,-4.0,,,-4.0,,6.0,,,0.0,0.0,9.0,-2.0,,,,,,-3.0,,,-4.0,,,12.0,,-2.0,,0.0,9.0,-2.0,
2024,,,Schuljahre 9 und 10,PTI,fcgyi,,0.0,9.0,0.0,-2.0,-4.0,,,,,,,-4.0,,,0.0,,-2.0,,,0.0,0.0,0.0,-2.0,,,,,,-3.0,,,0.0,,,-4.0,,6.0,,0.0,-3.0,6.0,
2024,,,Schuljahre 9 und 10,PTI,ftzeu,,0.0,9.0,0.0,6.0,12.0,,,,,,,0.0,,,0.0,,6.0,,,0.0,0.0,-3.0,0.0,,,,,,0.0,,,-4.0,,,12.0,,0.0,,0.0,0.0,0.0,
2024,,,Schuljahre 9 und 10,PTI,hxdyv,,0.0,0.0,0.0,-2.0,0.0,,,,,,,0.0,,,0.0,,0.0,,,0.0,0.0,0.0,0.0,,,,,,-3.0,,,0.0,,,0.0,,-2.0,,0.0,0.0,6.0,
2024,,,Schuljahre 9 und 10,PTI,jglsk,,0.0,9.0,9.0,6.0,12.0,,,,,,,-4.0,,,12.0,,6.0,,,0.0,0.0,-3.0,6.0,,,,,,-3.0,,,-4.0,,,12.0,,-2.0,,0.0,-3.0,6.0,
2024,,,Schuljahre 9 und 10,PTI,jynto,,0.0,-3.0,0.0,6.0,0.0,,,,,,,0.0,,,0.0,,6.0,,,0.0,0.0,-3.0,0.0,,,,,,0.0,,,-4.0,,,12.0,,-2.0,,0.0,-3.0,6.0,
2024,,,Schuljahre 9 und 10,PTI,lxdkq,,0.0,9.0,0.0,-2.0,-4.0,,,,,,,0.0,,,0.0,,-2.0,,,0.0,0.0,-3.0,-2.0,,,,,,-3.0,,,-4.0,,,-4.0,,-2.0,,0.0,9.0,-2.0,
2024,,,Schuljahre 9 und 10,PTI,pleho,,0.0,9.0,9.0,6.0,12.0,,,,,,,0.0,,,-4.0,,6.0,,,0.0,0.0,9.0,6.0,,,,,,-3.0,,,-4.0,,,12.0,,6.0,,0.0,-3.0,-2.0,
2024,,,Schuljahre 9 und 10,PTI,qoukw,,0.0,0.0,0.0,6.0,0.0,,,,,,,0.0,,,0.0,,6.0,,,0.0,0.0,-3.0,-2.0,,,,,,-3.0,,,-4.0,,,12.0,,6.0,,0.0,0.0,-2.0,
2024,,,Schuljahre 9 und 10,PTI,rfjiy,,0.0,9.0,-3.0,6.0,12.0,,,,,,,12.0,,,12.0,,6.0,,,0.0,0.0,9.0,-2.0,,,,,,9.0,,,0.0,,,-4.0,,-2.0,,0.0,-3.0,-2.0,
2024,,,Schuljahre 9 und 10,PTI,rwdlj,,0.0,9.0,0.0,-2.0,0.0,,,,,,,-4.0,,,0.0,,6.0,,,0.0,0.0,-3.0,-2.0,,,,,,-3.0,,,-4.0,,,12.0,,0.0,,0.0,0.0,6.0,
2024,,,Schuljahre 9 und 10,PTI,tseqa,,0.0,0.0,0.0,-2.0,0.0,,,,,,,12.0,,,0.0,,6.0,,,0.0,0.0,-3.0,6.0,,,,,,-3.0,,,0.0,,,-4.0,,-2.0,,0.0,-3.0,-2.0,
2024,,,Schuljahre 9 und 10,PTI,udcte,,0.0,9.0,9.0,-2.0,-4.0,,,,,,,0.0,,,0.0,,6.0,,,0.0,0.0,-3.0,-2.0,,,,,,0.0,,,-4.0,,,12.0,,0.0,,0.0,0.0,0.0,
2024,,,Schuljahre 9 und 10,PTI,utbsa,,0.0,9.0,9.0,6.0,12.0,,,,,,,-4.0,,,-4.0,,6.0,,,0.0,0.0,-3.0,6.0,,,,,,-3.0,,,-4.0,,,12.0,,6.0,,0.0,-3.0,6.0,
2024,,,Schuljahre 9 und 10,PTI,vjsai,,0.0,9.0,9.0,6.0,12.0,,,,,,,12.0,,,0.0,,6.0,,,0.0,0.0,-3.0,-2.0,,,,,,0.0,,,12.0,,,12.0,,6.0,,0.0,9.0,6.0,
2024,,,Schuljahre 9 und 10,PTI,vkbed,,0.0,-3.0,0.0,-2.0,-4.0,,,,,,,0.0,,,0.0,,-2.0,,,0.0,0.0,-3.0,-2.0,,,,,,-3.0,,,-4.0,,,12.0,,-2.0,,0.0,-3.0,-2.0,
2024,,,Schuljahre 9 und 10,PTI,vmbig,,0.0,0.0,0.0,-2.0,-4.0,,,,,,,0.0,,,-4.0,,-2.0,,,0.0,0.0,-3.0,-2.0,,,,,,9.0,,,-4.0,,,-4.0,,6.0,,0.0,0.0,-2.0,
2024,,,Schuljahre 9 und 10,PTI,vujhm,,0.0,0.0,0.0,-2.0,0.0,,,,,,,0.0,,,-4.0,,6.0,,,0.0,0.0,0.0,6.0,,,,,,9.0,,,-4.0,,,12.0,,6.0,,0.0,9.0,-2.0,
2024,,,Schuljahre 9 und 10,PTI,xfvcu,,0.0,-3.0,0.0,-2.0,12.0,,,,,,,-4.0,,,0.0,,-2.0,,,0.0,0.0,9.0,-2.0,,,,,,-3.0,,,-4.0,,,12.0,,6.0,,0.0,9.0,-2.0,
2024,,,Schuljahre 9 und 10,PTI,yesbo,,0.0,9.0,-3.0,-2.0,0.0,,,,,,,0.0,,,0.0,,6.0,,,0.0,0.0,-3.0,-2.0,,,,,,0.0,,,0.0,,,12.0,,0.0,,0.0,9.0,6.0,
2024,,,Schuljahre 9 und 10,RPS,bycoq,,0.0,9.0,0.0,-2.0,12.0,,,,,,,0.0,,,12.0,,6.0,,,0.0,0.0,-3.0,0.0,,,,,,0.0,,,-4.0,,,12.0,,6.0,,0.0,-3.0,0.0,
2024,,,Schuljahre 9 und 10,RPS,dxhym,,0.0,9.0,9.0,6.0,12.0,,,,,,,0.0,,,0.0,,6.0,,,0.0,0.0,-3.0,-2.0,,,,,,-3.0,,,12.0,,,12.0,,6.0,,0.0,-3.0,-2.0,
2024,,,Schuljahre 9 und 10,RPS,fmgzi,,0.0,9.0,9.0,6.0,12.0,,,,,,,0.0,,,12.0,,-2.0,,,0.0,0.0,-3.0,-2.0,,,,,,9.0,,,0.0,,,12.0,,6.0,,0.0,0.0,6.0,
2024,,,Schuljahre 9 und 10,RPS,gborf,,0.0,9.0,9.0,6.0,12.0,,,,,,,0.0,,,0.0,,6.0,,,0.0,0.0,9.0,6.0,,,,,,-3.0,,,-4.0,,,-4.0,,6.0,,0.0,-3.0,6.0,
2024,,,Schuljahre 9 und 10,RPS,gcytw,,0.0,9.0,0.0,-2.0,0.0,,,,,,,0.0,,,12.0,,6.0,,,0.0,0.0,-3.0,-2.0,,,,,,0.0,,,12.0,,,12.0,,0.0,,0.0,0.0,6.0,
2024,,,Schuljahre 9 und 10,RPS,kogle,,0.0,9.0,9.0,6.0,12.0,,,,,,,0.0,,,0.0,,-2.0,,,0.0,0.0,-3.0,6.0,,,,,,-3.0,,,-4.0,,,12.0,,-2.0,,0.0,-3.0,6.0,
2024,,,Schuljahre 9 und 10,RPS,kyeqr,,0.0,9.0,9.0,6.0,12.0,,,,,,,0.0,,,12.0,,6.0,,,0.0,0.0,9.0,-2.0,,,,,,-3.0,,,0.0,,,12.0,,6.0,,0.0,9.0,-2.0,
2024,,,Schuljahre 9 und 10,RPS,ljtwe,,0.0,9.0,-3.0,6.0,12.0,,,,,,,-4.0,,,-4.0,,6.0,,,0.0,0.0,-3.0,-2.0,,,,,,-3.0,,,-4.0,,,12.0,,-2.0,,0.0,-3.0,6.0,
2024,,,Schuljahre 9 und 10,RPS,mwpfq,,0.0,9.0,9.0,6.0,0.0,,,,,,,0.0,,,0.0,,6.0,,,0.0,0.0,-3.0,6.0,,,,,,9.0,,,12.0,,,12.0,,0.0,,0.0,9.0,6.0,
2024,,,Schuljahre 9 und 10,RPS,ohaxz,,0.0,9.0,9.0,6.0,12.0,,,,,,,12.0,,,0.0,,6.0,,,0.0,0.0,9.0,-2.0,,,,,,-3.0,,,12.0,,,12.0,,-2.0,,0.0,-3.0,6.0,
2024,,,Schuljahre 9 und 10,RPS,qgpan,,0.0,9.0,9.0,-2.0,0.0,,,,,,,0.0,,,0.0,,6.0,,,0.0,0.0,-3.0,-2.0,,,,,,9.0,,,12.0,,,0.0,,6.0,,0.0,0.0,6.0,
2024,,,Schuljahre 9 und 10,RPS,qmgrv,,0.0,9.0,-3.0,-2.0,-4.0,,,,,,,-4.0,,,-4.0,,-2.0,,,0.0,0.0,-3.0,-2.0,,,,,,9.0,,,-4.0,,,12.0,,-2.0,,0.0,-3.0,6.0,
2024,,,Schuljahre 9 und 10,RPS,rcnwh,,0.0,9.0,0.0,0.0,12.0,,,,,,,0.0,,,0.0,,6.0,,,0.0,0.0,0.0,-2.0,,,,,,0.0,,,-4.0,,,12.0,,6.0,,0.0,-3.0,-2.0,
2024,,,Schuljahre 9 und 10,RPS,sodkh,,0.0,9.0,0.0,-2.0,0.0,,,,,,,0.0,,,0.0,,6.0,,,0.0,0.0,-3.0,6.0,,,,,,9.0,,,0.0,,,12.0,,0.0,,0.0,0.0,0.0,
2024,,,Schuljahre 9 und 10,RPS,uchxi,,0.0,0.0,-3.0,6.0,-4.0,,,,,,,0.0,,,-4.0,,-2.0,,,0.0,0.0,-3.0,6.0,,,,,,-3.0,,,0.0,,,-4.0,,0.0,,0.0,-3.0,6.0,
2024,,,Schuljahre 9 und 10,RPS,uvbcr,,0.0,9.0,9.0,-2.0,12.0,,,,,,,0.0,,,0.0,,6.0,,,0.0,0.0,9.0,6.0,,,,,,9.0,,,12.0,,,12.0,,6.0,,0.0,9.0,6.0,
2024,,,Schuljahre 9 und 10,RPS,wlrmx,,0.0,9.0,0.0,6.0,0.0,,,,,,,0.0,,,12.0,,6.0,,,0.0,0.0,-3.0,-2.0,,,,,,-3.0,,,-4.0,,,12.0,,0.0,,0.0,0.0,6.0,
2024,,,Schuljahre 9 und 10,RPS,wujvq,,0.0,9.0,0.0,0.0,12.0,,,,,,,-4.0,,,0.0,,6.0,,,0.0,0.0,-3.0,6.0,,,,,,9.0,,,0.0,,,12.0,,0.0,,0.0,-3.0,-2.0,
2024,,,Schuljahre 9 und 10,RPS,xadfw,,0.0,0.0,0.0,-2.0,-4.0,,,,,,,0.0,,,-4.0,,0.0,,,0.0,0.0,9.0,-2.0,,,,,,9.0,,,-4.0,,,-4.0,,-2.0,,0.0,-3.0,6.0,
2024,,,Schuljahre 9 und 10,RPS,xfbqc,,0.0,9.0,-3.0,6.0,-4.0,,,,,,,0.0,,,0.0,,6.0,,,0.0,0.0,-3.0,-2.0,,,,,,9.0,,,-4.0,,,0.0,,6.0,,0.0,-3.0,6.0,
2024,,,Schuljahre 9 und 10,RPS,yhmjf,,0.0,9.0,-3.0,-2.0,12.0,,,,,,,0.0,,,-4.0,,6.0,,,0.0,0.0,9.0,6.0,,,,,,-3.0,,,-4.0,,,12.0,,6.0,,0.0,0.0,6.0,
2025,,,"Schuljahre 11, 12 und 13",DET,etciu,garn,,,,,,,-3.0,0.0,0.0,,0.0,,,6.0,,6.0,,,0.0,,,,,6.0,0.0,6.0,6.0,0.0,,-4.0,0.0,,0.0,-3.0,,,,,,,,-3.0
2025,,,"Schuljahre 11, 12 und 13",DET,ewuta,v2zg,,,,,,,0.0,0.0,0.0,,0.0,,,6.0,,-2.0,,,0.0,,,,,6.0,0.0,-2.0,-2.0,12.0,,0.0,0.0,,0.0,-3.0,,,,,,,,0.0
2025,,,"Schuljahre 11, 12 und 13",DET,faelc,,,,,,,,-3.0,0.0,0.0,,0.0,,,6.0,,6.0,,,0.0,,,,,6.0,0.0,6.0,6.0,0.0,,0.0,0.0,,0.0,-3.0,,,,,,,,-3.0
2025,,,"Schuljahre 11, 12 und 13",DET,fagbv,,,,,,,,9.0,0.0,0.0,,0.0,,,6.0,,-2.0,,,0.0,,,,,0.0,0.0,6.0,6.0,12.0,,0.0,0.0,,0.0,-3.0,,,,,,,,0.0
2025,,,"Schuljahre 11, 12 und 13",DET,fpvyz,,,,,,,,-3.0,0.0,0.0,,0.0,,,6.0,,6.0,,,0.0,,,,,6.0,0.0,6.0,-2.0,12.0,,0.0,0.0,,0.0,0.0,,,,,,,,0.0
2025,,,"Schuljahre 11, 12 und 13",DET,grezt,v2zg,,,,,,,0.0,0.0,0.0,,0.0,,,6.0,,-2.0,,,0.0,,,,,6.0,0.0,-2.0,-2.0,12.0,,0.0,0.0,,0.0,-3.0,,,,,,,,0.0
2025,,,"Schuljahre 11, 12 und 13",DET,ijglk,,,,,,,,9.0,0.0,-3.0,,9.0,,,6.0,,0.0,,,0.0,,,,,6.0,0.0,-2.0,0.0,12.0,,12.0,-4.0,,12.0,0.0,,,,,,,,-3.0
2025,,,"Schuljahre 11, 12 und 13",DET,kolvs,pahg,,,,,,,-3.0,0.0,-3.0,,0.0,,,6.0,,0.0,,,0.0,,,,,6.0,0.0,0.0,6.0,12.0,,0.0,0.0,,0.0,-3.0,,,,,,,,0.0
2025,,,"Schuljahre 11, 12 und 13",DET,kpmds,,,,,,,,-3.0,-4.0,0.0,,0.0,,,6.0,,6.0,,,0.0,,,,,6.0,0.0,6.0,6.0,12.0,,0.0,0.0,,0.0,9.0,,,,,,,,0.0
2025,,,"Schuljahre 11, 12 und 13",DET,kzbsi,eo85,,,,,,,-3.0,0.0,0.0,,-3.0,,,6.0,,6.0,,,0.0,,,,,-2.0,0.0,-2.0,0.0,12.0,,-4.0,-4.0,,12.0,0.0,,,,,,,,0.0
2025,,,"Schuljahre 11, 12 und 13",DET,tyxfb,6od8,,,,,,,0.0,0.0,0.0,,0.0,,,6.0,,-2.0,,,0.0,,,,,-2.0,0.0,6.0,-2.0,0.0,,0.0,0.0,,-4.0,0.0,,,,,,,,0.0
2025,,,"Schuljahre 11, 12 und 13",DET,vnari,eo85,,,,,,,-3.0,0.0,0.0,,-3.0,,,6.0,,6.0,,,0.0,,,,,-2.0,0.0,-2.0,0.0,12.0,,-4.0,-4.0,,12.0,0.0,,,,,,,,0.0
2025,,,"Schuljahre 11, 12 und 13",DET,vqbjf,6od8,,,,,,,0.0,0.0,0.0,,0.0,,,6.0,,-2.0,,,0.0,,,,,-2.0,0.0,6.0,-2.0,0.0,,0.0,0.0,,-4.0,0.0,,,,,,,,0.0
2025,,,"Schuljahre 11, 12 und 13",DET,xkjrl,qh34,,,,,,,9.0,0.0,-3.0,,0.0,,,6.0,,-2.0,,,0.0,,,,,6.0,0.0,6.0,6.0,12.0,,0.0,0.0,,0.0,9.0,,,,,,,,0.0
2025,,,"Schuljahre 11, 12 und 13",DET,yburv,pw5v,,,,,,,-3.0,-4.0,9.0,,0.0,,,6.0,,-2.0,,,0.0,,,,,6.0,0.0,6.0,-2.0,12.0,,0.0,0.0,,-4.0,-3.0,,,,,,,,-3.0
2025,,,"Schuljahre 11, 12 und 13",DET,yqtem,pahg,,,,,,,-3.0,0.0,-3.0,,0.0,,,6.0,,0.0,,,0.0,,,,,6.0,0.0,0.0,6.0,12.0,,0.0,0.0,,0.0,-3.0,,,,,,,,0.0
2025,,,"Schuljahre 11, 12 und 13",DET,zjuqc,qh34,,,,,,,9.0,0.0,-3.0,,0.0,,,6.0,,-2.0,,,0.0,,,,,6.0,0.0,6.0,6.0,12.0,,0.0,0.0,,0.0,9.0,,,,,,,,0.0
2025,,,"Schuljahre 11, 12 und 13",DET,zlwoq,pw5v,,,,,,,-3.0,-4.0,9.0,,0.0,,,6.0,,-2.0,,,0.0,,,,,6.0,0.0,6.0,-2.0,12.0,,0.0,0.0,,-4.0,-3.0,,,,,,,,-3.0
2025,,,"Schuljahre 11, 12 und 13",DET,ztvrs,garn,,,,,,,-3.0,0.0,0.0,,0.0,,,6.0,,6.0,,,0.0,,,,,6.0,0.0,6.0,6.0,0.0,,-4.0,0.0,,0.0,-3.0,,,,,,,,-3.0
2025,,,"Schuljahre 11, 12 und 13",IGQ,aumnw,,,,,,,,-3.0,0.0,9.0,,0.0,,,-2.0,,-2.0,,,0.0,,,,,-2.0,0.0,-2.0,-2.0,0.0,,0.0,0.0,,-4.0,-3.0,,,,,,,,-3.0
2025,,,"Schuljahre 11, 12 und 13",IGQ,cgxvl,,,,,,,,0.0,-4.0,0.0,,0.0,,,6.0,,-2.0,,,0.0,,,,,6.0,0.0,6.0,0.0,12.0,,0.0,0.0,,12.0,0.0,,,,,,,,-3.0
2025,,,"Schuljahre 11, 12 und 13",IGQ,cxvoa,,,,,,,,-3.0,0.0,0.0,,-3.0,,,6.0,,-2.0,,,0.0,,,,,6.0,0.0,-2.0,6.0,12.0,,-4.0,0.0,,0.0,0.0,,,,,,,,0.0
2025,,,"Schuljahre 11, 12 und 13",IGQ,gkvyj,,,,,,,,-3.0,-4.0,-3.0,,-3.0,,,-2.0,,-2.0,,,0.0,,,,,-2.0,0.0,6.0,-2.0,0.0,,-4.0,0.0,,12.0,-3.0,,,,,,,,-3.0
2025,,,"Schuljahre 11, 12 und 13",IGQ,jrdhs,,,,,,,,-3.0,-4.0,9.0,,-3.0,,,6.0,,-2.0,,,0.0,,,,,-2.0,0.0,-2.0,-2.0,-4.0,,-4.0,-4.0,,-4.0,-3.0,,,,,,,,-3.0
2025,,,"Schuljahre 11, 12 und 13",IGQ,lsvgi,,,,,,,,-3.0,0.0,0.0,,-3.0,,,6.0,,-2.0,,,0.0,,,,,0.0,0.0,0.0,0.0,-4.0,,0.0,0.0,,12.0,-3.0,,,,,,,,0.0
2025,,,"Schuljahre 11, 12 und 13",IGQ,mhubi,,,,,,,,0.0,0.0,0.0,,0.0,,,6.0,,-2.0,,,0.0,,,,,6.0,0.0,-2.0,-2.0,0.0,,0.0,0.0,,0.0,-3.0,,,,,,,,-3.0
2025,,,"Schuljahre 11, 12 und 13",IGQ,nbyls,,,,,,,,-3.0,0.0,-3.0,,-3.0,,,6.0,,-2.0,,,0.0,,,,,6.0,0.0,-2.0,6.0,12.0,,-4.0,0.0,,-4.0,0.0,,,,,,,,-3.0
2025,,,"Schuljahre 11, 12 und 13",IGQ,plcmn,,,,,,,,0.0,0.0,0.0,,0.0,,,6.0,,-2.0,,,0.0,,,,,0.0,0.0,-2.0,6.0,0.0,,0.0,0.0,,0.0,0.0,,,,,,,,-3.0
2025,,,"Schuljahre 11, 12 und 13",IGQ,qalpy,,,,,,,,9.0,-4.0,9.0,,-3.0,,,6.0,,-2.0,,,0.0,,,,,-2.0,0.0,-2.0,-2.0,-4.0,,-4.0,0.0,,-4.0,-3.0,,,,,,,,-3.0
2025,,,"Schuljahre 11, 12 und 13",IGQ,ufcav,,,,,,,,-3.0,0.0,-3.0,,-3.0,,,-2.0,,-2.0,,,0.0,,,,,-2.0,0.0,-2.0,6.0,0.0,,0.0,0.0,,0.0,-3.0,,,,,,,,-3.0
2025,,,"Schuljahre 11, 12 und 13",IGQ,wmfql,,,,,,,,9.0,-4.0,0.0,,0.0,,,6.0,,-2.0,,,0.0,,,,,6.0,0.0,-2.0,0.0,12.0,,0.0,0.0,,0.0,9.0,,,,,,,,0.0
2025,,,"Schuljahre 11, 12 und 13",IGQ,ztcfv,,,,,,,,9.0,-4.0,0.0,,-3.0,,,6.0,,-2.0,,,0.0,,,,,6.0,0.0,6.0,6.0,-4.0,,0.0,0.0,,0.0,0.0,,,,,,,,-3.0
2025,,,Schuljahre 9 und 10,EQM,bvrsa,,,,,,,0.0,-4.0,0.0,0.0,6.0,0.0,,-2.0,-3.0,,0.0,,6.0,,,,,,-3.0,,9.0,-3.0,0.0,,,0.0,,,-4.0,,0.0,,0.0,,,,0.0
2025,,,Schuljahre 9 und 10,EQM,dyjhm,,,,,,,0.0,0.0,0.0,0.0,6.0,0.0,,6.0,-3.0,,0.0,,0.0,,,,,,0.0,,-3.0,0.0,0.0,,,0.0,,,0.0,,0.0,,0.0,,,,0.0
2025,,,Schuljahre 9 und 10,EQM,fspae,,,,,,,-2.0,0.0,0.0,-4.0,6.0,12.0,,-2.0,9.0,,-3.0,,6.0,,,,,,-3.0,,-3.0,-3.0,0.0,,,0.0,,,-4.0,,-2.0,,0.0,,,,-4.0
2025,,,Schuljahre 9 und 10,EQM,gbxav,,,,,,,6.0,-4.0,0.0,12.0,6.0,0.0,,6.0,9.0,,-3.0,,-2.0,,,,,,9.0,,0.0,-3.0,0.0,,,0.0,,,-4.0,,0.0,,0.0,,,,-4.0
2025,,,Schuljahre 9 und 10,EQM,iuknq,,,,,,,-2.0,-4.0,0.0,-4.0,-2.0,-4.0,,-2.0,9.0,,-3.0,,-2.0,,,,,,-3.0,,-3.0,-3.0,0.0,,,0.0,,,-4.0,,-2.0,,0.0,,,,-4.0
2025,,,Schuljahre 9 und 10,EQM,iyrzn,,,,,,,-2.0,0.0,0.0,-4.0,-2.0,0.0,,6.0,-3.0,,0.0,,6.0,,,,,,0.0,,0.0,9.0,0.0,,,0.0,,,-4.0,,-2.0,,0.0,,,,0.0
2025,,,Schuljahre 9 und 10,EQM,kzdvy,,,,,,,6.0,12.0,0.0,0.0,6.0,-4.0,,6.0,9.0,,9.0,,6.0,,,,,,-3.0,,0.0,9.0,0.0,,,0.0,,,-4.0,,6.0,,0.0,,,,0.0
2025,,,Schuljahre 9 und 10,EQM,lbyzc,,,,,,,6.0,0.0,0.0,0.0,6.0,-4.0,,-2.0,9.0,,0.0,,6.0,,,,,,9.0,,0.0,0.0,0.0,,,0.0,,,0.0,,-2.0,,0.0,,,,-4.0
2025,,,Schuljahre 9 und 10,EQM,nkceu,,,,,,,6.0,-4.0,0.0,12.0,-2.0,-4.0,,6.0,-3.0,,-3.0,,6.0,,,,,,9.0,,-3.0,9.0,0.0,,,0.0,,,-4.0,,-2.0,,0.0,,,,12.0
2025,,,Schuljahre 9 und 10,EQM,nlupw,,,,,,,6.0,-4.0,0.0,-4.0,-2.0,-4.0,,-2.0,-3.0,,9.0,,-2.0,,,,,,-3.0,,-3.0,-3.0,0.0,,,0.0,,,-4.0,,-2.0,,0.0,,,,-4.0
2025,,,Schuljahre 9 und 10,EQM,npvcq,,,,,,,-2.0,12.0,0.0,0.0,6.0,0.0,,6.0,0.0,,-3.0,,6.0,,,,,,-3.0,,0.0,0.0,0.0,,,0.0,,,-4.0,,6.0,,0.0,,,,0.0
2025,,,Schuljahre 9 und 10,EQM,ojcqa,,,,,,,0.0,-4.0,0.0,-4.0,6.0,0.0,,-2.0,9.0,,-3.0,,6.0,,,,,,0.0,,-3.0,0.0,0.0,,,0.0,,,-4.0,,6.0,,0.0,,,,12.0
2025,,,Schuljahre 9 und 10,EQM,pgxoq,,,,,,,-2.0,-4.0,0.0,0.0,-2.0,0.0,,6.0,9.0,,-3.0,,-2.0,,,,,,0.0,,-3.0,9.0,0.0,,,0.0,,,-4.0,,-2.0,,0.0,,,,-4.0
2025,,,Schuljahre 9 und 10,EQM,pribl,,,,,,,-2.0,0.0,0.0,0.0,-2.0,0.0,,6.0,-3.0,,9.0,,6.0,,,,,,9.0,,-3.0,9.0,0.0,,,0.0,,,-4.0,,6.0,,0.0,,,,0.0
2025,,,Schuljahre 9 und 10,EQM,prvdj,,,,,,,-2.0,0.0,0.0,0.0,6.0,0.0,,6.0,9.0,,0.0,,6.0,,,,,,-3.0,,-3.0,0.0,0.0,,,0.0,,,-4.0,,-2.0,,0.0,,,,12.0
2025,,,Schuljahre 9 und 10,EQM,rpazx,,,,,,,6.0,0.0,0.0,0.0,6.0,0.0,,6.0,9.0,,9.0,,6.0,,,,,,-3.0,,0.0,9.0,0.0,,,0.0,,,0.0,,-2.0,,0.0,,,,0.0
2025,,,Schuljahre 9 und 10,EQM,sbizm,,,,,,,6.0,-4.0,0.0,0.0,6.0,-4.0,,6.0,9.0,,-3.0,,6.0,,,,,,9.0,,-3.0,0.0,0.0,,,0.0,,,0.0,,6.0,,0.0,,,,0.0
2025,,,Schuljahre 9 und 10,EQM,stipv,,,,,,,-2.0,-4.0,0.0,-4.0,6.0,0.0,,-2.0,9.0,,9.0,,6.0,,,,,,-3.0,,9.0,9.0,0.0,,,0.0,,,-4.0,,-2.0,,0.0,,,,-4.0
2025,,,Schuljahre 9 und 10,EQM,tfbal,,,,,,,-2.0,-4.0,0.0,-4.0,6.0,0.0,,6.0,9.0,,0.0,,-2.0,,,,,,-3.0,,9.0,9.0,0.0,,,0.0,,,-4.0,,6.0,,0.0,,,,0.0
2025,,,Schuljahre 9 und 10,EQM,ubxwa,,,,,,,-2.0,-4.0,0.0,-4.0,6.0,-4.0,,-2.0,9.0,,-3.0,,-2.0,,,,,,-3.0,,9.0,9.0,0.0,,,0.0,,,-4.0,,-2.0,,0.0,,,,12.0
2025,,,Schuljahre 9 und 10,EQM,uzria,,,,,,,-2.0,-4.0,0.0,-4.0,6.0,0.0,,-2.0,9.0,,-3.0,,6.0,,,,,,-3.0,,-3.0,0.0,0.0,,,0.0,,,-4.0,,-2.0,,0.0,,,,0.0
2025,,,Schuljahre 9 und 10,EQM,vnjym,,,,,,,6.0,-4.0,0.0,0.0,6.0,-4.0,,6.0,9.0,,0.0,,-2.0,,,,,,-3.0,,-3.0,0.0,0.0,,,0.0,,,-4.0,,6.0,,0.0,,,,-4.0
2025,,,Schuljahre 9 und 10,EQM,wtboy,,,,,,,-2.0,-4.0,0.0,12.0,-2.0,-4.0,,-2.0,-3.0,,-3.0,,6.0,,,,,,9.0,,-3.0,-3.0,0.0,,,0.0,,,-4.0,,-2.0,,0.0,,,,-4.0
2025,,,Schuljahre 9 und 10,EQM,ybcux,,,,,,,6.0,0.0,0.0,-4.0,6.0,0.0,,-2.0,-3.0,,9.0,,-2.0,,,,,,-3.0,,0.0,9.0,0.0,,,0.0,,,0.0,,-2.0,,0.0,,,,-4.0
2025,,,Schuljahre 9 und 10,EQM,zoicl,,,,,,,-2.0,-4.0,0.0,-4.0,6.0,-4.0,,-2.0,9.0,,-3.0,,-2.0,,,,,,-3.0,,-3.0,-3.0,0.0,,,0.0,,,-4.0,,-2.0,,0.0,,,,-4.0
2025,,,Schuljahre 9 und 10,JHE,bdlun,,,,,,,-2.0,0.0,0.0,0.0,6.0,-4.0,,6.0,-3.0,,-3.0,,6.0,,,,,,9.0,,0.0,9.0,0.0,,,0.0,,,-4.0,,-2.0,,0.0,,,,-4.0
2025,,,Schuljahre 9 und 10,JHE,btwfj,,,,,,,-2.0,0.0,0.0,-4.0,6.0,12.0,,-2.0,-3.0,,-3.0,,0.0,,,,,,-3.0,,0.0,9.0,0.0,,,0.0,,,-4.0,,-2.0,,0.0,,,,-4.0
2025,,,Schuljahre 9 und 10,JHE,dazkx,,,,,,,-2.0,12.0,0.0,-4.0,6.0,-4.0,,-2.0,9.0,,-3.0,,6.0,,,,,,9.0,,-3.0,9.0,0.0,,,0.0,,,-4.0,,6.0,,0.0,,,,-4.0
2025,,,Schuljahre 9 und 10,JHE,embgj,,,,,,,-2.0,-4.0,0.0,-4.0,6.0,-4.0,,6.0,9.0,,-3.0,,6.0,,,,,,9.0,,9.0,-3.0,0.0,,,0.0,,,-4.0,,6.0,,0.0,,,,-4.0
2025,,,Schuljahre 9 und 10,JHE,fmxnj,,,,,,,-2.0,-4.0,0.0,-4.0,6.0,0.0,,6.0,9.0,,9.0,,6.0,,,,,,-3.0,,-3.0,9.0,0.0,,,0.0,,,0.0,,6.0,,0.0,,,,0.0
2025,,,Schuljahre 9 und 10,JHE,furlj,,,,,,,-2.0,-4.0,0.0,-4.0,-2.0,-4.0,,6.0,9.0,,-3.0,,6.0,,,,,,9.0,,9.0,-3.0,0.0,,,0.0,,,-4.0,,6.0,,0.0,,,,-4.0
2025,,,Schuljahre 9 und 10,JHE,gqezy,,,,,,,6.0,-4.0,0.0,-4.0,-2.0,-4.0,,-2.0,9.0,,9.0,,6.0,,,,,,-3.0,,-3.0,-3.0,0.0,,,0.0,,,-4.0,,6.0,,0.0,,,,12.0
2025,,,Schuljahre 9 und 10,JHE,huian,,,,,,,6.0,12.0,0.0,0.0,6.0,0.0,,6.0,9.0,,9.0,,6.0,,,,,,-3.0,,9.0,0.0,0.0,,,0.0,,,0.0,,6.0,,0.0,,,,12.0
2025,,,Schuljahre 9 und 10,JHE,kvidb,,,,,,,-2.0,0.0,0.0,-4.0,6.0,0.0,,0.0,9.0,,9.0,,-2.0,,,,,,9.0,,9.0,-3.0,0.0,,,0.0,,,-4.0,,6.0,,0.0,,,,-4.0
2025,,,Schuljahre 9 und 10,JHE,lhxtv,,,,,,,6.0,12.0,0.0,-4.0,6.0,-4.0,,6.0,-3.0,,-3.0,,6.0,,,,,,-3.0,,9.0,9.0,0.0,,,0.0,,,-4.0,,-2.0,,0.0,,,,12.0
2025,,,Schuljahre 9 und 10,JHE,lktbn,,,,,,,6.0,-4.0,0.0,-4.0,6.0,-4.0,,6.0,9.0,,-3.0,,6.0,,,,,,9.0,,-3.0,-3.0,0.0,,,0.0,,,-4.0,,6.0,,0.0,,,,-4.0
2025,,,Schuljahre 9 und 10,JHE,mhvkq,,,,,,,-2.0,0.0,0.0,0.0,-2.0,0.0,,6.0,9.0,,9.0,,6.0,,,,,,9.0,,-3.0,-3.0,0.0,,,0.0,,,-4.0,,6.0,,0.0,,,,-4.0
2025,,,Schuljahre 9 und 10,JHE,niytk,,,,,,,-2.0,0.0,0.0,0.0,-2.0,-4.0,,0.0,-3.0,,-3.0,,-2.0,,,,,,0.0,,-3.0,9.0,0.0,,,0.0,,,-4.0,,0.0,,0.0,,,,-4.0
2025,,,Schuljahre 9 und 10,JHE,nzjyi,,,,,,,6.0,-4.0,0.0,-4.0,6.0,-4.0,,-2.0,-3.0,,-3.0,,-2.0,,,,,,-3.0,,-3.0,9.0,0.0,,,0.0,,,-4.0,,-2.0,,0.0,,,,-4.0
2025,,,Schuljahre 9 und 10,JHE,ozhri,,,,,,,6.0,-4.0,0.0,-4.0,-2.0,-4.0,,6.0,9.0,,-3.0,,6.0,,,,,,-3.0,,-3.0,-3.0,0.0,,,0.0,,,-4.0,,-2.0,,0.0,,,,-4.0
2025,,,Schuljahre 9 und 10,JHE,pebtf,,,,,,,6.0,0.0,0.0,-4.0,6.0,12.0,,-2.0,-3.0,,-3.0,,-2.0,,,,,,-3.0,,-3.0,9.0,0.0,,,0.0,,,-4.0,,-2.0,,0.0,,,,-4.0
2025,,,Schuljahre 9 und 10,JHE,qgrmv,,,,,,,6.0,-4.0,0.0,12.0,-2.0,-4.0,,-2.0,9.0,,9.0,,-2.0,,,,,,-3.0,,-3.0,9.0,0.0,,,0.0,,,-4.0,,6.0,,0.0,,,,-4.0
2025,,,Schuljahre 9 und 10,JHE,qzlgv,,,,,,,-2.0,0.0,0.0,0.0,0.0,0.0,,0.0,-3.0,,0.0,,-2.0,,,,,,-3.0,,0.0,9.0,0.0,,,0.0,,,-4.0,,0.0,,0.0,,,,0.0
2025,,,Schuljahre 9 und 10,JHE,shrdm,,,,,,,6.0,0.0,0.0,0.0,6.0,0.0,,0.0,9.0,,0.0,,6.0,,,,,,9.0,,9.0,-3.0,0.0,,,0.0,,,12.0,,6.0,,0.0,,,,0.0
2025,,,Schuljahre 9 und 10,JHE,srtbw,,,,,,,6.0,12.0,0.0,0.0,-2.0,0.0,,-2.0,-3.0,,0.0,,6.0,,,,,,9.0,,0.0,0.0,0.0,,,0.0,,,-4.0,,-2.0,,0.0,,,,-4.0
2025,,,Schuljahre 9 und 10,JHE,yaqbs,,,,,,,6.0,-4.0,0.0,-4.0,6.0,0.0,,6.0,9.0,,-3.0,,6.0,,,,,,9.0,,-3.0,9.0,0.0,,,0.0,,,-4.0,,-2.0,,0.0,,,,-4.0
2025,,,Schuljahre 9 und 10,JHE,ydgor,,,,,,,-2.0,-4.0,0.0,12.0,6.0,-4.0,,-2.0,0.0,,-3.0,,6.0,,,,,,-3.0,,0.0,9.0,0.0,,,0.0,,,-4.0,,-2.0,,0.0,,,,-4.0
2025,,,Schuljahre 9 und 10,MCV,ahldi,,,,,,,6.0,-4.0,0.0,12.0,6.0,-4.0,,-2.0,-3.0,,-3.0,,-2.0,,,,,,-3.0,,9.0,9.0,0.0,,,0.0,,,-4.0,,-2.0,,0.0,,,,-4.0
2025,,,Schuljahre 9 und 10,MCV,almvs,,,,,,,6.0,0.0,0.0,-4.0,-2.0,-4.0,,-2.0,0.0,,-3.0,,-2.0,,,,,,-3.0,,-3.0,-3.0,0.0,,,0.0,,,0.0,,6.0,,0.0,,,,-4.0
2025,,,Schuljahre 9 und 10,MCV,arzmx,,,,,,,6.0,-4.0,0.0,0.0,6.0,0.0,,6.0,9.0,,9.0,,6.0,,,,,,9.0,,9.0,9.0,0.0,,,0.0,,,0.0,,6.0,,0.0,,,,-4.0
2025,,,Schuljahre 9 und 10,MCV,bvftj,,,,,,,-2.0,-4.0,0.0,0.0,6.0,0.0,,-2.0,9.0,,-3.0,,6.0,,,,,,-3.0,,9.0,9.0,0.0,,,0.0,,,12.0,,-2.0,,0.0,,,,-4.0
2025,,,Schuljahre 9 und 10,MCV,cepia,,,,,,,6.0,0.0,0.0,0.0,6.0,0.0,,6.0,9.0,,0.0,,6.0,,,,,,9.0,,9.0,0.0,0.0,,,0.0,,,0.0,,0.0,,0.0,,,,0.0
2025,,,Schuljahre 9 und 10,MCV,cjakn,,,,,,,0.0,12.0,0.0,-4.0,6.0,-4.0,,6.0,9.0,,0.0,,6.0,,,,,,9.0,,9.0,9.0,0.0,,,0.0,,,12.0,,6.0,,0.0,,,,12.0
2025,,,Schuljahre 9 und 10,MCV,clvxh,,,,,,,-2.0,0.0,0.0,0.0,0.0,0.0,,0.0,0.0,,0.0,,0.0,,,,,,0.0,,0.0,0.0,0.0,,,0.0,,,0.0,,0.0,,0.0,,,,0.0
2025,,,Schuljahre 9 und 10,MCV,cpjvu,,,,,,,6.0,0.0,0.0,0.0,6.0,0.0,,6.0,9.0,,9.0,,6.0,,,,,,-3.0,,-3.0,0.0,0.0,,,0.0,,,-4.0,,6.0,,0.0,,,,-4.0
2025,,,Schuljahre 9 und 10,MCV,eiugc,,,,,,,6.0,0.0,0.0,0.0,6.0,0.0,,0.0,9.0,,0.0,,6.0,,,,,,0.0,,0.0,9.0,0.0,,,0.0,,,0.0,,-2.0,,0.0,,,,0.0
2025,,,Schuljahre 9 und 10,MCV,fslvm,,,,,,,6.0,0.0,0.0,0.0,-2.0,0.0,,0.0,9.0,,0.0,,6.0,,,,,,-3.0,,0.0,0.0,0.0,,,0.0,,,0.0,,-2.0,,0.0,,,,0.0
2025,,,Schuljahre 9 und 10,MCV,icgjm,,,,,,,6.0,0.0,0.0,0.0,6.0,0.0,,6.0,-3.0,,0.0,,-2.0,,,,,,0.0,,-3.0,9.0,0.0,,,0.0,,,0.0,,-2.0,,0.0,,,,0.0
2025,,,Schuljahre 9 und 10,MCV,jtygm,,,,,,,-2.0,0.0,0.0,0.0,6.0,0.0,,-2.0,9.0,,-3.0,,6.0,,,,,,-3.0,,9.0,9.0,0.0,,,0.0,,,0.0,,-2.0,,0.0,,,,0.0
2025,,,Schuljahre 9 und 10,MCV,nsmgb,,,,,,,-2.0,12.0,0.0,-4.0,6.0,-4.0,,6.0,9.0,,9.0,,6.0,,,,,,9.0,,9.0,9.0,0.0,,,0.0,,,-4.0,,6.0,,0.0,,,,-4.0
2025,,,Schuljahre 9 und 10,MCV,poetg,,,,,,,-2.0,-4.0,0.0,-4.0,6.0,-4.0,,-2.0,9.0,,-3.0,,6.0,,,,,,-3.0,,9.0,9.0,0.0,,,0.0,,,12.0,,6.0,,0.0,,,,-4.0
2025,,,Schuljahre 9 und 10,MCV,pwmfh,,,,,,,6.0,0.0,0.0,0.0,6.0,0.0,,6.0,9.0,,9.0,,6.0,,,,,,9.0,,9.0,0.0,0.0,,,0.0,,,-4.0,,6.0,,0.0,,,,0.0
2025,,,Schuljahre 9 und 10,MCV,qwnty,,,,,,,6.0,0.0,0.0,0.0,6.0,0.0,,-2.0,-3.0,,-3.0,,6.0,,,,,,9.0,,-3.0,-3.0,0.0,,,0.0,,,0.0,,6.0,,0.0,,,,0.0
2025,,,Schuljahre 9 und 10,MCV,vkcmj,,,,,,,6.0,0.0,0.0,0.0,6.0,0.0,,-2.0,9.0,,0.0,,6.0,,,,,,-3.0,,0.0,-3.0,0.0,,,0.0,,,12.0,,6.0,,0.0,,,,0.0
2025,,,Schuljahre 9 und 10,MCV,wzmje,,,,,,,6.0,0.0,0.0,-4.0,-2.0,0.0,,6.0,-3.0,,0.0,,-2.0,,,,,,0.0,,0.0,-3.0,0.0,,,0.0,,,0.0,,0.0,,0.0,,,,0.0
2025,,,Schuljahre 9 und 10,MCV,xngob,,,,,,,6.0,0.0,0.0,-4.0,6.0,0.0,,6.0,-3.0,,-3.0,,6.0,,,,,,0.0,,9.0,9.0,0.0,,,0.0,,,-4.0,,6.0,,0.0,,,,-4.0
2025,,,Schuljahre 9 und 10,MCV,zithx,,,,,,,-2.0,-4.0,0.0,12.0,-2.0,-4.0,,6.0,-3.0,,-3.0,,-2.0,,,,,,-3.0,,-3.0,9.0,0.0,,,0.0,,,-4.0,,6.0,,0.0,,,,-4.0
2025,,,Schuljahre 9 und 10,QTJ,aevlm,,,,,,,6.0,-4.0,0.0,-4.0,-2.0,0.0,,6.0,-3.0,,-3.0,,6.0,,,,,,9.0,,-3.0,9.0,0.0,,,0.0,,,-4.0,,-2.0,,0.0,,,,-4.0
2025,,,Schuljahre 9 und 10,QTJ,ahugz,,,,,,,-2.0,0.0,0.0,0.0,-2.0,0.0,,6.0,9.0,,0.0,,-2.0,,,,,,-3.0,,-3.0,0.0,0.0,,,0.0,,,0.0,,6.0,,0.0,,,,0.0
2025,,,Schuljahre 9 und 10,QTJ,asqub,,,,,,,6.0,0.0,0.0,0.0,6.0,0.0,,6.0,9.0,,0.0,,6.0,,,,,,9.0,,-3.0,0.0,0.0,,,0.0,,,-4.0,,6.0,,0.0,,,,0.0
2025,,,Schuljahre 9 und 10,QTJ,brqul,,,,,,,6.0,0.0,0.0,0.0,-2.0,-4.0,,6.0,9.0,,-3.0,,6.0,,,,,,-3.0,,-3.0,9.0,0.0,,,0.0,,,-4.0,,-2.0,,0.0,,,,-4.0
2025,,,Schuljahre 9 und 10,QTJ,ckmbl,,,,,,,6.0,0.0,0.0,0.0,6.0,0.0,,-2.0,-3.0,,0.0,,-2.0,,,,,,0.0,,9.0,-3.0,0.0,,,0.0,,,0.0,,-2.0,,0.0,,,,0.0
2025,,,Schuljahre 9 und 10,QTJ,dhfax,,,,,,,-2.0,-4.0,0.0,-4.0,6.0,-4.0,,-2.0,9.0,,-3.0,,-2.0,,,,,,-3.0,,-3.0,-3.0,0.0,,,0.0,,,-4.0,,6.0,,0.0,,,,-4.0
2025,,,Schuljahre 9 und 10,QTJ,djgbc,,,,,,,6.0,0.0,0.0,0.0,6.0,0.0,,-2.0,9.0,,-3.0,,6.0,,,,,,0.0,,9.0,0.0,0.0,,,0.0,,,0.0,,6.0,,0.0,,,,0.0
2025,,,Schuljahre 9 und 10,QTJ,dvouh,,,,,,,0.0,0.0,0.0,0.0,6.0,0.0,,6.0,9.0,,0.0,,-2.0,,,,,,9.0,,-3.0,0.0,0.0,,,0.0,,,-4.0,,-2.0,,0.0,,,,-4.0
2025,,,Schuljahre 9 und 10,QTJ,fsxkg,,,,,,,-2.0,-4.0,0.0,-4.0,6.0,-4.0,,6.0,9.0,,-3.0,,6.0,,,,,,-3.0,,9.0,-3.0,0.0,,,0.0,,,-4.0,,-2.0,,0.0,,,,-4.0
2025,,,Schuljahre 9 und 10,QTJ,fuwpz,,,,,,,6.0,0.0,0.0,0.0,0.0,0.0,,0.0,-3.0,,-3.0,,6.0,,,,,,0.0,,0.0,0.0,0.0,,,0.0,,,0.0,,6.0,,0.0,,,,0.0
2025,,,Schuljahre 9 und 10,QTJ,gkzdm,,,,,,,6.0,0.0,0.0,0.0,6.0,0.0,,-2.0,9.0,,0.0,,6.0,,,,,,0.0,,0.0,-3.0,0.0,,,0.0,,,-4.0,,6.0,,0.0,,,,0.0
2025,,,Schuljahre 9 und 10,QTJ,hgasy,,,,,,,-2.0,0.0,0.0,0.0,6.0,0.0,,6.0,0.0,,9.0,,6.0,,,,,,-3.0,,0.0,9.0,0.0,,,0.0,,,0.0,,-2.0,,0.0,,,,0.0
2025,,,Schuljahre 9 und 10,QTJ,hgdnw,,,,,,,0.0,0.0,0.0,-4.0,-2.0,0.0,,6.0,9.0,,-3.0,,6.0,,,,,,-3.0,,-3.0,-3.0,0.0,,,0.0,,,-4.0,,6.0,,0.0,,,,0.0
2025,,,Schuljahre 9 und 10,QTJ,hlkwr,,,,,,,-2.0,0.0,0.0,-4.0,6.0,0.0,,-2.0,-3.0,,-3.0,,6.0,,,,,,-3.0,,-3.0,0.0,0.0,,,0.0,,,-4.0,,-2.0,,0.0,,,,-4.0
2025,,,Schuljahre 9 und 10,QTJ,ikxyn,,,,,,,-2.0,-4.0,0.0,-4.0,-2.0,0.0,,0.0,0.0,,-3.0,,6.0,,,,,,-3.0,,0.0,-3.0,0.0,,,0.0,,,-4.0,,-2.0,,0.0,,,,-4.0
2025,,,Schuljahre 9 und 10,QTJ,jfaes,,,,,,,-2.0,0.0,0.0,12.0,6.0,0.0,,6.0,9.0,,9.0,,6.0,,,,,,9.0,,0.0,9.0,0.0,,,0.0,,,-4.0,,6.0,,0.0,,,,0.0
2025,,,Schuljahre 9 und 10,QTJ,jlito,,,,,,,-2.0,12.0,0.0,0.0,6.0,0.0,,6.0,9.0,,9.0,,-2.0,,,,,,9.0,,9.0,9.0,0.0,,,0.0,,,12.0,,6.0,,0.0,,,,-4.0
2025,,,Schuljahre 9 und 10,QTJ,ldzro,,,,,,,6.0,-4.0,0.0,-4.0,6.0,0.0,,-2.0,-3.0,,0.0,,6.0,,,,,,9.0,,9.0,9.0,0.0,,,0.0,,,0.0,,-2.0,,0.0,,,,-4.0
2025,,,Schuljahre 9 und 10,QTJ,ltjeq,,,,,,,6.0,-4.0,0.0,-4.0,-2.0,-4.0,,6.0,-3.0,,-3.0,,6.0,,,,,,9.0,,-3.0,9.0,0.0,,,0.0,,,-4.0,,-2.0,,0.0,,,,-4.0
2025,,,Schuljahre 9 und 10,QTJ,oybcf,,,,,,,6.0,-4.0,0.0,0.0,6.0,0.0,,6.0,9.0,,9.0,,6.0,,,,,,9.0,,-3.0,0.0,0.0,,,0.0,,,12.0,,6.0,,0.0,,,,-4.0
2025,,,Schuljahre 9 und 10,QTJ,vjfez,,,,,,,-2.0,0.0,0.0,0.0,6.0,0.0,,6.0,9.0,,0.0,,6.0,,,,,,9.0,,-3.0,9.0,0.0,,,0.0,,,0.0,,6.0,,0.0,,,,0.0
2025,,,Schuljahre 9 und 10,QTJ,vteks,,,,,,,6.0,-4.0,0.0,12.0,6.0,-4.0,,-2.0,9.0,,-3.0,,6.0,,,,,,9.0,,-3.0,-3.0,0.0,,,0.0,,,-4.0,,6.0,,0.0,,,,-4.0
2025,,,Schuljahre 9 und 10,QTJ,ymcts,,,,,,,0.0,0.0,0.0,0.0,0.0,0.0,,6.0,9.0,,0.0,,6.0,,,,,,-3.0,,9.0,0.0,0.0,,,0.0,,,0.0,,-2.0,,0.0,,,,0.0
2025,,,Schuljahre 9 und 10,QTJ,zsfwx,,,,,,,6.0,-4.0,0.0,-4.0,6.0,-4.0,,6.0,-3.0,,9.0,,-2.0,,,,,,9.0,,-3.0,-3.0,0.0,,,0.0,,,-4.0,,-2.0,,0.0,,,,-4.0
2025,,,Schuljahre 9 und 10,XSF,anjls,,,,,,,-2.0,-4.0,0.0,-4.0,-2.0,-4.0,,-2.0,9.0,,-3.0,,-2.0,,,,,,-3.0,,-3.0,9.0,0.0,,,0.0,,,-4.0,,-2.0,,0.0,,,,-4.0
2025,,,Schuljahre 9 und 10,XSF,bedik,,,,,,,-2.0,0.0,0.0,0.0,6.0,0.0,,-2.0,9.0,,0.0,,6.0,,,,,,9.0,,-3.0,0.0,0.0,,,0.0,,,0.0,,-2.0,,0.0,,,,0.0
2025,,,Schuljahre 9 und 10,XSF,dlwyi,,,,,,,0.0,-4.0,0.0,-4.0,-2.0,-4.0,,0.0,-3.0,,-3.0,,6.0,,,,,,-3.0,,-3.0,-3.0,0.0,,,0.0,,,-4.0,,-2.0,,0.0,,,,-4.0
2025,,,Schuljahre 9 und 10,XSF,dwirt,,,,,,,6.0,-4.0,0.0,-4.0,6.0,0.0,,6.0,9.0,,-3.0,,6.0,,,,,,9.0,,9.0,9.0,0.0,,,0.0,,,-4.0,,6.0,,0.0,,,,-4.0
2025,,,Schuljahre 9 und 10,XSF,hmkbv,,,,,,,0.0,0.0,0.0,0.0,0.0,0.0,,0.0,0.0,,0.0,,0.0,,,,,,0.0,,0.0,0.0,0.0,,,0.0,,,0.0,,0.0,,0.0,,,,0.0
2025,,,Schuljahre 9 und 10,XSF,jtfmv,,,,,,,-2.0,-4.0,0.0,-4.0,-2.0,0.0,,-2.0,9.0,,-3.0,,6.0,,,,,,9.0,,9.0,9.0,0.0,,,0.0,,,-4.0,,-2.0,,0.0,,,,-4.0
2025,,,Schuljahre 9 und 10,XSF,kubjf,,,,,,,6.0,0.0,0.0,0.0,6.0,0.0,,-2.0,0.0,,-3.0,,6.0,,,,,,0.0,,9.0,9.0,0.0,,,0.0,,,-4.0,,0.0,,0.0,,,,0.0
2025,,,Schuljahre 9 und 10,XSF,mjpns,,,,,,,-2.0,-4.0,0.0,-4.0,6.0,0.0,,-2.0,-3.0,,-3.0,,6.0,,,,,,-3.0,,9.0,-3.0,0.0,,,0.0,,,-4.0,,-2.0,,0.0,,,,0.0
2025,,,Schuljahre 9 und 10,XSF,nycmu,,,,,,,-2.0,-4.0,0.0,-4.0,-2.0,-4.0,,-2.0,-3.0,,-3.0,,-2.0,,,,,,9.0,,-3.0,-3.0,0.0,,,0.0,,,-4.0,,-2.0,,0.0,,,,-4.0
2025,,,Schuljahre 9 und 10,XSF,odfat,,,,,,,-2.0,0.0,0.0,12.0,-2.0,0.0,,6.0,9.0,,0.0,,6.0,,,,,,9.0,,9.0,9.0,0.0,,,0.0,,,0.0,,-2.0,,0.0,,,,0.0
2025,,,Schuljahre 9 und 10,XSF,pkqji,,,,,,,-2.0,-4.0,0.0,-4.0,-2.0,-4.0,,6.0,-3.0,,-3.0,,6.0,,,,,,-3.0,,0.0,-3.0,0.0,,,0.0,,,-4.0,,-2.0,,0.0,,,,-4.0
2025,,,Schuljahre 9 und 10,XSF,qexsu,,,,,,,-2.0,0.0,0.0,0.0,6.0,0.0,,6.0,9.0,,-3.0,,6.0,,,,,,-3.0,,-3.0,-3.0,0.0,,,0.0,,,0.0,,-2.0,,0.0,,,,0.0
2025,,,Schuljahre 9 und 10,XSF,qjcmf,,,,,,,-2.0,-4.0,0.0,-4.0,6.0,-4.0,,-2.0,9.0,,-3.0,,-2.0,,,,,,-3.0,,-3.0,9.0,0.0,,,0.0,,,-4.0,,-2.0,,0.0,,,,-4.0
2025,,,Schuljahre 9 und 10,XSF,qpedv,,,,,,,-2.0,0.0,0.0,0.0,6.0,0.0,,-2.0,-3.0,,-3.0,,-2.0,,,,,,-3.0,,0.0,-3.0,0.0,,,0.0,,,-4.0,,-2.0,,0.0,,,,0.0
2025,,,Schuljahre 9 und 10,XSF,qykih,,,,,,,-2.0,-4.0,0.0,-4.0,-2.0,-4.0,,-2.0,9.0,,-3.0,,-2.0,,,,,,9.0,,-3.0,9.0,0.0,,,0.0,,,-4.0,,6.0,,0.0,,,,-4.0
2025,,,Schuljahre 9 und 10,XSF,rtsbf,,,,,,,-2.0,12.0,0.0,-4.0,6.0,0.0,,6.0,9.0,,-3.0,,6.0,,,,,,9.0,,9.0,0.0,0.0,,,0.0,,,-4.0,,-2.0,,0.0,,,,-4.0
2025,,,Schuljahre 9 und 10,XSF,smfdg,,,,,,,-2.0,0.0,0.0,0.0,-2.0,0.0,,6.0,9.0,,0.0,,6.0,,,,,,9.0,,9.0,9.0,0.0,,,0.0,,,0.0,,-2.0,,0.0,,,,0.0
2025,,,Schuljahre 9 und 10,XSF,soiuz,,,,,,,0.0,0.0,0.0,0.0,6.0,0.0,,6.0,-3.0,,-3.0,,0.0,,,,,,0.0,,-3.0,0.0,0.0,,,0.0,,,-4.0,,-2.0,,0.0,,,,0.0
2025,,,Schuljahre 9 und 10,XSF,sphmj,,,,,,,-2.0,12.0,0.0,0.0,6.0,0.0,,6.0,9.0,,0.0,,6.0,,,,,,0.0,,9.0,0.0,0.0,,,0.0,,,0.0,,0.0,,0.0,,,,-4.0
2025,,,Schuljahre 9 und 10,XSF,syeol,,,,,,,0.0,0.0,0.0,0.0,6.0,0.0,,6.0,9.0,,9.0,,-2.0,,,,,,-3.0,,-3.0,0.0,0.0,,,0.0,,,0.0,,6.0,,0.0,,,,0.0
2025,,,Schuljahre 9 und 10,XSF,vwmos,,,,,,,-2.0,-4.0,0.0,-4.0,6.0,0.0,,-2.0,9.0,,-3.0,,6.0,,,,,,9.0,,9.0,9.0,0.0,,,0.0,,,-4.0,,6.0,,0.0,,,,-4.0
2025,,,Schuljahre 9 und 10,XSF,yzirn,,,,,,,6.0,-4.0,0.0,12.0,6.0,-4.0,,6.0,9.0,,-3.0,,6.0,,,,,,-3.0,,-3.0,-3.0,0.0,,,0.0,,,0.0,,-2.0,,0.0,,,,0.0
